{
  "mw": {
    "min": 286.27,
    "mean": 433.64629294755895,
    "max": 567.6450000000006,
    "count": 553
  },
  "logp": {
    "min": -0.321699999999999,
    "mean": 1.5272192766726942,
    "max": 3.0775000000000015,
    "count": 553
  },
  "logd": {
    "min": -2.108381037348983,
    "mean": 0.6380534895060247,
    "max": 2.4330297479076215,
    "count": 553
  },
  "tpsa": {
    "min": 98.2,
    "mean": 123.30381555153707,
    "max": 164.27000000000004,
    "count": 553
  },
  "hbd": {
    "min": 2.0,
    "mean": 2.135623869801085,
    "max": 3.0,
    "count": 553
  },
  "hba": {
    "min": 6.0,
    "mean": 8.535262206148282,
    "max": 11.0,
    "count": 553
  },
  "fcsp3": {
    "min": 0.0,
    "mean": 0.3238143609450182,
    "max": 0.5357142857142857,
    "count": 553
  },
  "qed_value": {
    "min": 0.39584659558711793,
    "mean": 0.5913900169894488,
    "max": 0.7702479385840921,
    "count": 553
  },
  "sas_score": {
    "min": 2.565476874079044,
    "mean": 3.21985522041825,
    "max": 5.1747163513225605,
    "count": 553
  }
}